Target:,123.63.192.130
Domain,IP,Reverse domains,NS,MX,Domain whois,IP whois,Shodan,LinkedIn page,CIDRs
,123.63.192.130,,,,,"asn: 55410
asn_cidr: 123.63.192.0/21
asn_country_code: IN
asn_date: 2007-01-16
asn_registry: apnic
net 0:
	cidr: 123.63.0.0/16
	range: 123.63.0.0 - 123.63.255.255
	name: VODAFONE-NET-IN
	description: C48 Okhla Industrial Estate, New Delhi-110020
	handle: VES201-AP
	
	address: C48 Okhla Industrial Estate, New Delhi-110020
	country: IN","IP: 123.63.192.130
Organization: Vodafone India
ISP: Vodafone India

Port: 1723
Banner: Firmware: 1
	Hostname: local",,123.63.0.0/16
"
"
